ï¿½ï¿½È£, ï¿½ï¿½ï¿½ï¿½ï¿?
0,ï¿½Ï¹ï¿½ï¿½ï¿½
1,ï¿½ï¿½ï¿½ï¿½
2,ï¿½Å°ï¿½ï¿?
3,ï¿½ï¿½ï¿½Å°Ç°ï¿½ï¿½ï¿½ï¿½Ð°ï¿½
4,ï¿½Ü°ï¿½
5,ï¿½ï¿½ï¿½ï¿½ï¿½Ü°ï¿½
6,ï¿½Å°ï¿½Ü°ï¿?
7,ï¿½ï¿½Î¿Ü°ï¿?
8,ï¿½ï¿½ï¿½ï¿½ï¿½Ü°ï¿½
9,ï¿½ï¿½ï¿½ï¿½ï¿½ï¿½ï¿½ï¿½ï¿½ï¿½ï¿½Ð°ï¿½
10,ï¿½ï¿½ï¿½ï¿½Î°ï¿?
11,ï¿½Ò¾ï¿½Ã»ï¿½Ò³ï¿½ï¿?
12,ï¿½È°ï¿½
13,ï¿½Ìºï¿½ï¿½ï¿½ï¿½Ä°ï¿½
14,ï¿½ÇºÎ°ï¿½
15,ï¿½ï¿½ï¿½ï¿½ï¿½Ð°ï¿½
16,ï¿½ï¿½ï¿½ï¿½ï¿½ï¿½ï¿½Ð°ï¿½
17,ï¿½ï¿½ç¼±ï¿½ï¿½ï¿½ï¿½ï¿½Ð°ï¿?
18,ï¿½ï¿½ï¿½ï¿½ï¿½ï¿½
19,ï¿½ï¿½ï¿½Ü°Ë»ï¿½ï¿½ï¿½ï¿½Ð°ï¿½
20,ï¿½ï¿½ï¿½Ù°ï¿½
21,ï¿½ï¿½È°ï¿½ï¿½ï¿½Ð°ï¿½
22,ï¿½ï¿½ï¿½ï¿½ï¿½Ð°ï¿½
23,ï¿½ï¿½ï¿½ï¿½ï¿½ï¿½ï¿½Ð°ï¿½
24,ï¿½ï¿½ï¿½ï¿½ï¿½ï¿½ï¿½Ð°ï¿½
25,ï¿½ï¿½ï¿½ï¿½È¯ï¿½ï¿½ï¿½ï¿½ï¿½Ð°ï¿½
26,ï¿½ï¿½ï¿½ï¿½ï¿½ï¿½ï¿½Ð°ï¿½
27,ï¿½ï¿½Å¸1(Ä¡ï¿½ï¿½)
28,ï¿½ï¿½Å¸4(ï¿½Ñ¹ï¿½)
31,ï¿½ï¿½Å¸2
40,ï¿½ï¿½Å¸2
41,ï¿½ï¿½ï¿½ï¿½
42,ï¿½ï¿½Å¸3
43,ï¿½ï¿½ï¿½Ç±ï¿½ï¿½Ä¡ï¿½ï¿?
44,ï¿½ï¿½ï¿½Ç±ï¿½ï¿½ï¿½Ñ¹ï¿?
49,Ä¡ï¿½ï¿½
50,ï¿½ï¿½ï¿½ï¿½ï¿½Ç¾È¸ï¿½Ü°ï¿?
51,Ä¡ï¿½ï¿½ï¿½ï¿½Ã¶ï¿½ï¿½
52,Ä¡ï¿½ï¿½ï¿½ï¿½ï¿½ï¿½ï¿½ï¿½
53,ï¿½Ò¾ï¿½Ä¡ï¿½ï¿½
54,Ä¡ï¿½Ö°ï¿½
55,Ä¡ï¿½ï¿½ï¿½ï¿½ï¿½ï¿½ï¿½ï¿½
56,ï¿½ï¿½ï¿½ï¿½ï¿½ï¿½ï¿½ï¿½
57,ï¿½ï¿½ï¿½ï¿½Ä¡ï¿½ï¿½ï¿½Ð°ï¿½
58,ï¿½ï¿½ï¿½ï¿½ï¿½ï¿½ï¿½ï¿½ï¿½ï¿½
59,ï¿½ï¿½ï¿½ï¿½Ä¡ï¿½ï¿½
60,Ä¡ï¿½ï¿½ï¿½Ò°ï¿½
61,ï¿½ï¿½ï¿½ï¿½Ä¡ï¿½ï¿½ï¿½Ð°ï¿½
80,ï¿½Ñ¹æ³»ï¿½ï¿½
81,ï¿½Ñ¹ï¿½ï¿½ï¿½Î°ï¿?
82,ï¿½Ñ¹ï¿½Ò¾Æ°ï¿?
83,ï¿½Ñ¹ï¿½È¡ï¿½ï¿½Ìºï¿½ï¿½ï¿½ï¿½Ä¡ï¿½ï¿½ÇºÎ°ï¿?
84,ï¿½Ñ¹ï¿½Å°ï¿½ï¿½ï¿½ï¿½Å°ï¿?
85,Ä§ï¿½ï¿½ï¿½ï¿½
86,ï¿½Ñ¹ï¿½ï¿½ï¿½È°ï¿½ï¿½ï¿½Ð°ï¿½
87,ï¿½ï¿½ï¿½Ã¼ï¿½ï¿½ï¿½ï¿?
88,ï¿½Ñ¹ï¿½ï¿½ï¿½ï¿½ï¿½
89,ï¿½Ñ¹ï¿½ï¿½ï¿½ï¿½ï¿½
90,ï¿½Ñ¹ï¿½Ò°ï¿?
